<?xml version="1.0" encoding="UTF-8"?>
<!--
  ~ Copyright (c) 2022 by European Commission
  ~
  ~ Licensed under the EUPL, Version 1.2 or - as soon they will be
  ~ approved by the European Commission - subsequent versions of the
  ~ EUPL (the "Licence");
  ~ You may not use this work except in compliance with the Licence.
  ~ You may obtain a copy of the Licence at:
  ~ https://joinup.ec.europa.eu/page/eupl-text-11-12
  ~
  ~ Unless required by applicable law or agreed to in writing, software
  ~ distributed under the Licence is distributed on an "AS IS" basis,
  ~ WITHOUT WARRANTIES OR CONDITIONS OF ANY KIND, either express or
  ~ implied.
  ~ See the Licence for the specific language governing permissions and
  ~ limitations under the Licence.
  -->

<!DOCTYPE properties SYSTEM "http://java.sun.com/dtd/properties.dtd">

<properties>
    <comment>SWModule encrypt with JKS.</comment>
    <!-- Key store configuration -->
    <entry key="keyStorePath">./keystore/eidasKeyStore.p12</entry>
    <entry key="keyStorePassword">local-demo</entry>
    <entry key="keyPassword">local-demo</entry>
    <entry key="keyStoreType">PKCS12</entry>

    <!-- Key transport config -->
    <!--  If not present then no decryption will be applied on response -->
    <entry key="responseDecryptionIssuer">CN=local-demo-cert, OU=DIGIT, O=European Commission, L=Brussels, ST=Belgium, C=BE</entry>
    <entry key="serialNumber">6C4536E0B25A05E8214A46C9086521977045417E</entry>

    <!-- Key Agreement config -->
    <!--  If not present then no decryption will be applied on response -->
<!--
    <entry key="responseDecryptionIssuer">CN=local-ka-demo-cert, OU=DIGIT, O=European Comission, L=Brussels, ST=Belgium, C=BE</entry>
    <entry key="serialNumber">2EAAA5F6A93C6BB0581DC8388501FAD06F77F394</entry>
-->
</properties>
