<?xml version="1.0" encoding="UTF-8"?>
<!--
  ~ Copyright (c) 2023 by European Commission
  ~
  ~ Licensed under the EUPL, Version 1.2 or - as soon they will be
  ~ approved by the European Commission - subsequent versions of the
  ~ EUPL (the "Licence");
  ~ You may not use this work except in compliance with the Licence.
  ~ You may obtain a copy of the Licence at:
  ~ https://joinup.ec.europa.eu/page/eupl-text-11-12
  ~
  ~ Unless required by applicable law or agreed to in writing, software
  ~ distributed under the Licence is distributed on an "AS IS" basis,
  ~ WITHOUT WARRANTIES OR CONDITIONS OF ANY KIND, either express or
  ~ implied.
  ~ See the Licence for the specific language governing permissions and
  ~ limitations under the Licence.
  -->

<!DOCTYPE properties SYSTEM "http://java.sun.com/dtd/properties.dtd">
<properties>
	<!-- issuer name -->
    <entry key="issuer.name">specificConnector</entry>
	<!-- node's url to send the binary light token related to the request -->
    <entry key="specific.connector.request.url">http://localhost:8080/EidasNodeConnector/SpecificConnectorRequest</entry>

    <entry key="relaystate.randomize.null">true</entry>

    <!-- Content Security Policy -->
    <entry key="max.requests.sp">-1</entry>
    <entry key="max.requests.ip">-1</entry>
    <entry key="max.time.sp">60</entry>
    <entry key="max.time.ip">60</entry>
    <entry key="trusted.sp.domains">all</entry>
    <entry key="security.header.CSP.enabled">true</entry>
    <entry key="security.header.CSP.report.uri">http://localhost:8080/SpecificConnector/cspReportHandler</entry><!-- uri used for the CSP reporting feature-->
    <entry key="security.header.XXssProtection.block">true</entry>
    <entry key="security.header.XContentTypeOptions.noSniff">true</entry>
    <entry key="security.header.XFrameOptions.sameOrigin">true</entry>
    <entry key="security.header.HSTS.includeSubDomains">true</entry>
    <entry key="security.header.CSP.includeMozillaDirectives">true</entry>
    <entry key="validation.bypass">true</entry>
</properties>
