<?xml version="1.0" encoding="UTF-8"?>
<!--
  ~ Copyright (c) 2023 by European Commission
  ~
  ~ Licensed under the EUPL, Version 1.2 or - as soon they will be
  ~ approved by the European Commission - subsequent versions of the
  ~ EUPL (the "Licence");
  ~ You may not use this work except in compliance with the Licence.
  ~ You may obtain a copy of the Licence at:
  ~ https://joinup.ec.europa.eu/page/eupl-text-11-12
  ~
  ~ Unless required by applicable law or agreed to in writing, software
  ~ distributed under the Licence is distributed on an "AS IS" basis,
  ~ WITHOUT WARRANTIES OR CONDITIONS OF ANY KIND, either express or
  ~ implied.
  ~ See the Licence for the specific language governing permissions and
  ~ limitations under the Licence.
  -->
<!DOCTYPE properties SYSTEM "http://java.sun.com/dtd/properties.dtd">
<properties>
    <comment>eIDAS attributes</comment>

    <entry key="1.NameUri">http://eidas.europa.eu/attributes/naturalperson/PersonIdentifier</entry>
    <entry key="1.FriendlyName">PersonIdentifier</entry>
    <entry key="1.PersonType">NaturalPerson</entry>
    <entry key="1.Required">true</entry>
    <entry key="1.UniqueIdentifier">true</entry>
    <entry key="1.XmlType.NamespaceUri">http://eidas.europa.eu/attributes/naturalperson</entry>
    <entry key="1.XmlType.LocalPart">PersonIdentifierType</entry>
    <entry key="1.XmlType.NamespacePrefix">eidas-natural</entry>
    <entry key="1.AttributeValueMarshaller">eu.eidas.auth.commons.attribute.impl.LiteralStringAttributeValueMarshaller</entry>

    <entry key="2.NameUri">http://eidas.europa.eu/attributes/naturalperson/CurrentFamilyName</entry>
    <entry key="2.FriendlyName">FamilyName</entry>
    <entry key="2.PersonType">NaturalPerson</entry>
    <entry key="2.Required">true</entry>
    <entry key="2.TransliterationMandatory">true</entry>
    <entry key="2.XmlType.NamespaceUri">http://eidas.europa.eu/attributes/naturalperson</entry>
    <entry key="2.XmlType.LocalPart">CurrentFamilyNameType</entry>
    <entry key="2.XmlType.NamespacePrefix">eidas-natural</entry>
    <entry key="2.AttributeValueMarshaller">eu.eidas.auth.commons.attribute.impl.LiteralStringAttributeValueMarshaller</entry>

    <entry key="3.NameUri">http://eidas.europa.eu/attributes/naturalperson/CurrentGivenName</entry>
    <entry key="3.FriendlyName">FirstName</entry>
    <entry key="3.PersonType">NaturalPerson</entry>
    <entry key="3.Required">true</entry>
    <entry key="3.TransliterationMandatory">true</entry>
    <entry key="3.XmlType.NamespaceUri">http://eidas.europa.eu/attributes/naturalperson</entry>
    <entry key="3.XmlType.LocalPart">CurrentGivenNameType</entry>
    <entry key="3.XmlType.NamespacePrefix">eidas-natural</entry>
    <entry key="3.AttributeValueMarshaller">eu.eidas.auth.commons.attribute.impl.LiteralStringAttributeValueMarshaller</entry>

    <entry key="4.NameUri">http://eidas.europa.eu/attributes/naturalperson/DateOfBirth</entry>
    <entry key="4.FriendlyName">DateOfBirth</entry>
    <entry key="4.PersonType">NaturalPerson</entry>
    <entry key="4.Required">true</entry>
    <entry key="4.XmlType.NamespaceUri">http://eidas.europa.eu/attributes/naturalperson</entry>
    <entry key="4.XmlType.LocalPart">DateOfBirthType</entry>
    <entry key="4.XmlType.NamespacePrefix">eidas-natural</entry>
    <entry key="4.AttributeValueMarshaller">eu.eidas.auth.commons.attribute.impl.DateTimeAttributeValueMarshaller</entry>

    <entry key="5.NameUri">http://eidas.europa.eu/attributes/naturalperson/BirthName</entry>
    <entry key="5.FriendlyName">BirthName</entry>
    <entry key="5.PersonType">NaturalPerson</entry>
    <entry key="5.Required">false</entry>
    <entry key="5.TransliterationMandatory">true</entry>
    <entry key="5.XmlType.NamespaceUri">http://eidas.europa.eu/attributes/naturalperson</entry>
    <entry key="5.XmlType.LocalPart">BirthNameType</entry>
    <entry key="5.XmlType.NamespacePrefix">eidas-natural</entry>
    <entry key="5.AttributeValueMarshaller">eu.eidas.auth.commons.attribute.impl.LiteralStringAttributeValueMarshaller</entry>

    <entry key="6.NameUri">http://eidas.europa.eu/attributes/naturalperson/PlaceOfBirth</entry>
    <entry key="6.FriendlyName">PlaceOfBirth</entry>
    <entry key="6.PersonType">NaturalPerson</entry>
    <entry key="6.Required">false</entry>
    <entry key="6.XmlType.NamespaceUri">http://eidas.europa.eu/attributes/naturalperson</entry>
    <entry key="6.XmlType.LocalPart">PlaceOfBirthType</entry>
    <entry key="6.XmlType.NamespacePrefix">eidas-natural</entry>
    <entry key="6.AttributeValueMarshaller">eu.eidas.auth.commons.attribute.impl.LiteralStringAttributeValueMarshaller</entry>

    <entry key="7.NameUri">http://eidas.europa.eu/attributes/naturalperson/CurrentAddress</entry>
    <entry key="7.FriendlyName">CurrentAddress</entry>
    <entry key="7.PersonType">NaturalPerson</entry>
    <entry key="7.Required">false</entry>
    <entry key="7.XmlType.NamespaceUri">http://eidas.europa.eu/attributes/naturalperson</entry>
    <entry key="7.XmlType.LocalPart">CurrentAddressType</entry>
    <entry key="7.XmlType.NamespacePrefix">eidas-natural</entry>
    <entry key="7.AttributeValueMarshaller">eu.eidas.auth.commons.protocol.eidas.impl.CurrentAddressAttributeValueMarshaller</entry>

    <entry key="8.NameUri">http://eidas.europa.eu/attributes/naturalperson/Gender</entry>
    <entry key="8.FriendlyName">Gender</entry>
    <entry key="8.PersonType">NaturalPerson</entry>
    <entry key="8.Required">false</entry>
    <entry key="8.XmlType.NamespaceUri">http://eidas.europa.eu/attributes/naturalperson</entry>
    <entry key="8.XmlType.LocalPart">GenderType</entry>
    <entry key="8.XmlType.NamespacePrefix">eidas-natural</entry>
    <entry key="8.AttributeValueMarshaller">eu.eidas.auth.commons.protocol.eidas.impl.GenderAttributeValueMarshaller</entry>

    <entry key="9.NameUri">http://eidas.europa.eu/attributes/naturalperson/PhoneNumber</entry>
    <entry key="9.FriendlyName">PhoneNumber</entry>
    <entry key="9.PersonType">NaturalPerson</entry>
    <entry key="9.Required">false</entry>
    <entry key="9.XmlType.NamespaceUri">http://eidas.europa.eu/attributes/naturalperson</entry>
    <entry key="9.XmlType.LocalPart">PhoneNumberType</entry>
    <entry key="9.XmlType.NamespacePrefix">eidas-natural</entry>
    <entry key="9.AttributeValueMarshaller">eu.eidas.auth.commons.attribute.impl.LiteralStringAttributeValueMarshaller</entry>

    <entry key="10.NameUri">http://eidas.europa.eu/attributes/naturalperson/Nationality</entry>
    <entry key="10.FriendlyName">Nationality</entry>
    <entry key="10.PersonType">NaturalPerson</entry>
    <entry key="10.Required">false</entry>
    <entry key="10.XmlType.NamespaceUri">http://eidas.europa.eu/attributes/naturalperson</entry>
    <entry key="10.XmlType.LocalPart">NationalityType</entry>
    <entry key="10.XmlType.NamespacePrefix">eidas-natural</entry>
    <entry key="10.AttributeValueMarshaller">eu.eidas.auth.commons.attribute.impl.CountryCodeAttributeValueMarshaller</entry>

    <entry key="11.NameUri">http://eidas.europa.eu/attributes/naturalperson/CountryOfBirth</entry>
    <entry key="11.FriendlyName">CountryOfBirth</entry>
    <entry key="11.PersonType">NaturalPerson</entry>
    <entry key="11.Required">false</entry>
    <entry key="11.XmlType.NamespaceUri">http://eidas.europa.eu/attributes/naturalperson</entry>
    <entry key="11.XmlType.LocalPart">CountryOfBirthType</entry>
    <entry key="11.XmlType.NamespacePrefix">eidas-natural</entry>
    <entry key="11.AttributeValueMarshaller">eu.eidas.auth.commons.attribute.impl.CountryCodeAttributeValueMarshaller</entry>

    <entry key="12.NameUri">http://eidas.europa.eu/attributes/naturalperson/TownOfBirth</entry>
    <entry key="12.FriendlyName">TownOfBirth</entry>
    <entry key="12.PersonType">NaturalPerson</entry>
    <entry key="12.Required">false</entry>
    <entry key="12.XmlType.NamespaceUri">http://eidas.europa.eu/attributes/naturalperson</entry>
    <entry key="12.XmlType.LocalPart">TownOfBirthType</entry>
    <entry key="12.XmlType.NamespacePrefix">eidas-natural</entry>
    <entry key="12.AttributeValueMarshaller">eu.eidas.auth.commons.attribute.impl.LiteralStringAttributeValueMarshaller</entry>

    <entry key="13.NameUri">http://eidas.europa.eu/attributes/naturalperson/CountryOfResidence</entry>
    <entry key="13.FriendlyName">CountryOfResidence</entry>
    <entry key="13.PersonType">NaturalPerson</entry>
    <entry key="13.Required">false</entry>
    <entry key="13.XmlType.NamespaceUri">http://eidas.europa.eu/attributes/naturalperson</entry>
    <entry key="13.XmlType.LocalPart">CountryOfResidenceType</entry>
    <entry key="13.XmlType.NamespacePrefix">eidas-natural</entry>
    <entry key="13.AttributeValueMarshaller">eu.eidas.auth.commons.attribute.impl.CountryCodeAttributeValueMarshaller</entry>

    <entry key="14.NameUri">http://eidas.europa.eu/attributes/naturalperson/EmailAddress</entry>
    <entry key="14.FriendlyName">EmailAddress</entry>
    <entry key="14.PersonType">NaturalPerson</entry>
    <entry key="14.Required">false</entry>
    <entry key="14.XmlType.NamespaceUri">http://eidas.europa.eu/attributes/naturalperson</entry>
    <entry key="14.XmlType.LocalPart">EmailAddressType</entry>
    <entry key="14.XmlType.NamespacePrefix">eidas-natural</entry>
    <entry key="14.AttributeValueMarshaller">eu.eidas.auth.commons.attribute.impl.LiteralStringAttributeValueMarshaller</entry>

    <entry key="15.NameUri">http://eidas.europa.eu/attributes/legalperson/LegalPersonIdentifier</entry>
    <entry key="15.FriendlyName">LegalPersonIdentifier</entry>
    <entry key="15.PersonType">LegalPerson</entry>
    <entry key="15.Required">true</entry>
    <entry key="15.UniqueIdentifier">true</entry>
    <entry key="15.XmlType.NamespaceUri">http://eidas.europa.eu/attributes/legalperson</entry>
    <entry key="15.XmlType.LocalPart">LegalPersonIdentifierType</entry>
    <entry key="15.XmlType.NamespacePrefix">eidas-legal</entry>
    <entry key="15.AttributeValueMarshaller">eu.eidas.auth.commons.attribute.impl.LiteralStringAttributeValueMarshaller</entry>

    <entry key="16.NameUri">http://eidas.europa.eu/attributes/legalperson/LegalName</entry>
    <entry key="16.FriendlyName">LegalName</entry>
    <entry key="16.PersonType">LegalPerson</entry>
    <entry key="16.Required">true</entry>
    <entry key="16.TransliterationMandatory">true</entry>
    <entry key="16.XmlType.NamespaceUri">http://eidas.europa.eu/attributes/legalperson</entry>
    <entry key="16.XmlType.LocalPart">LegalNameType</entry>
    <entry key="16.XmlType.NamespacePrefix">eidas-legal</entry>
    <entry key="16.AttributeValueMarshaller">eu.eidas.auth.commons.attribute.impl.LiteralStringAttributeValueMarshaller</entry>

    <entry key="17.NameUri">http://eidas.europa.eu/attributes/legalperson/LegalPersonAddress</entry>
    <entry key="17.FriendlyName">LegalAddress</entry>
    <entry key="17.PersonType">LegalPerson</entry>
    <entry key="17.Required">false</entry>
    <entry key="17.XmlType.NamespaceUri">http://eidas.europa.eu/attributes/legalperson</entry>
    <entry key="17.XmlType.LocalPart">LegalPersonAddressType</entry>
    <entry key="17.XmlType.NamespacePrefix">eidas-legal</entry>
    <entry key="17.AttributeValueMarshaller">eu.eidas.auth.commons.protocol.eidas.impl.LegalAddressAttributeValueMarshaller</entry>

    <entry key="18.NameUri">http://eidas.europa.eu/attributes/legalperson/VATRegistrationNumber</entry>
    <entry key="18.FriendlyName">VATRegistration</entry>
    <entry key="18.PersonType">LegalPerson</entry>
    <entry key="18.Required">false</entry>
    <entry key="18.XmlType.NamespaceUri">http://eidas.europa.eu/attributes/legalperson</entry>
    <entry key="18.XmlType.LocalPart">VATRegistrationNumberType</entry>
    <entry key="18.XmlType.NamespacePrefix">eidas-legal</entry>
    <entry key="18.AttributeValueMarshaller">eu.eidas.auth.commons.attribute.impl.LiteralStringAttributeValueMarshaller</entry>

    <entry key="19.NameUri">http://eidas.europa.eu/attributes/legalperson/TaxReference</entry>
    <entry key="19.FriendlyName">TaxReference</entry>
    <entry key="19.PersonType">LegalPerson</entry>
    <entry key="19.Required">false</entry>
    <entry key="19.XmlType.NamespaceUri">http://eidas.europa.eu/attributes/legalperson</entry>
    <entry key="19.XmlType.LocalPart">TaxReferenceType</entry>
    <entry key="19.XmlType.NamespacePrefix">eidas-legal</entry>
    <entry key="19.AttributeValueMarshaller">eu.eidas.auth.commons.attribute.impl.LiteralStringAttributeValueMarshaller</entry>

    <entry key="20.NameUri">http://eidas.europa.eu/attributes/legalperson/D-2012-17-EUIdentifier</entry>
    <entry key="20.FriendlyName">D-2012-17-EUIdentifier</entry>
    <entry key="20.PersonType">LegalPerson</entry>
    <entry key="20.Required">false</entry>
    <entry key="20.XmlType.NamespaceUri">http://eidas.europa.eu/attributes/legalperson</entry>
    <entry key="20.XmlType.LocalPart">D-2012-17-EUIdentifierType</entry>
    <entry key="20.XmlType.NamespacePrefix">eidas-legal</entry>
    <entry key="20.AttributeValueMarshaller">eu.eidas.auth.commons.attribute.impl.LiteralStringAttributeValueMarshaller</entry>

    <entry key="21.NameUri">http://eidas.europa.eu/attributes/legalperson/LEI</entry>
    <entry key="21.FriendlyName">LEI</entry>
    <entry key="21.PersonType">LegalPerson</entry>
    <entry key="21.Required">false</entry>
    <entry key="21.XmlType.NamespaceUri">http://eidas.europa.eu/attributes/legalperson</entry>
    <entry key="21.XmlType.LocalPart">LEIType</entry>
    <entry key="21.XmlType.NamespacePrefix">eidas-legal</entry>
    <entry key="21.AttributeValueMarshaller">eu.eidas.auth.commons.attribute.impl.LiteralStringAttributeValueMarshaller</entry>

    <entry key="22.NameUri">http://eidas.europa.eu/attributes/legalperson/EORI</entry>
    <entry key="22.FriendlyName">EORI</entry>
    <entry key="22.PersonType">LegalPerson</entry>
    <entry key="22.Required">false</entry>
    <entry key="22.XmlType.NamespaceUri">http://eidas.europa.eu/attributes/legalperson</entry>
    <entry key="22.XmlType.LocalPart">EORIType</entry>
    <entry key="22.XmlType.NamespacePrefix">eidas-legal</entry>
    <entry key="22.AttributeValueMarshaller">eu.eidas.auth.commons.attribute.impl.LiteralStringAttributeValueMarshaller</entry>

    <entry key="23.NameUri">http://eidas.europa.eu/attributes/legalperson/SEED</entry>
    <entry key="23.FriendlyName">SEED</entry>
    <entry key="23.PersonType">LegalPerson</entry>
    <entry key="23.Required">false</entry>
    <entry key="23.XmlType.NamespaceUri">http://eidas.europa.eu/attributes/legalperson</entry>
    <entry key="23.XmlType.LocalPart">SEEDType</entry>
    <entry key="23.XmlType.NamespacePrefix">eidas-legal</entry>
    <entry key="23.AttributeValueMarshaller">eu.eidas.auth.commons.attribute.impl.LiteralStringAttributeValueMarshaller</entry>

    <entry key="24.NameUri">http://eidas.europa.eu/attributes/legalperson/SIC</entry>
    <entry key="24.FriendlyName">SIC</entry>
    <entry key="24.PersonType">LegalPerson</entry>
    <entry key="24.Required">false</entry>
    <entry key="24.XmlType.NamespaceUri">http://eidas.europa.eu/attributes/legalperson</entry>
    <entry key="24.XmlType.LocalPart">SICType</entry>
    <entry key="24.XmlType.NamespacePrefix">eidas-legal</entry>
    <entry key="24.AttributeValueMarshaller">eu.eidas.auth.commons.attribute.impl.LiteralStringAttributeValueMarshaller</entry>

    <entry key="25.NameUri">http://eidas.europa.eu/attributes/legalperson/LegalPhoneNumber</entry>
    <entry key="25.FriendlyName">LegalPhoneNumber</entry>
    <entry key="25.PersonType">LegalPerson</entry>
    <entry key="25.Required">false</entry>
    <entry key="25.XmlType.NamespaceUri">http://eidas.europa.eu/attributes/legalperson</entry>
    <entry key="25.XmlType.LocalPart">LegalPhoneNumberType</entry>
    <entry key="25.XmlType.NamespacePrefix">eidas-legal</entry>
    <entry key="25.AttributeValueMarshaller">eu.eidas.auth.commons.attribute.impl.LiteralStringAttributeValueMarshaller</entry>

    <entry key="26.NameUri">http://eidas.europa.eu/attributes/legalperson/LegalEmailAddress</entry>
    <entry key="26.FriendlyName">LegalEmailAddress</entry>
    <entry key="26.PersonType">LegalPerson</entry>
    <entry key="26.Required">false</entry>
    <entry key="26.XmlType.NamespaceUri">http://eidas.europa.eu/attributes/legalperson</entry>
    <entry key="26.XmlType.LocalPart">LegalEmailAddressType</entry>
    <entry key="26.XmlType.NamespacePrefix">eidas-legal</entry>
    <entry key="26.AttributeValueMarshaller">eu.eidas.auth.commons.attribute.impl.LiteralStringAttributeValueMarshaller</entry>

    <entry key="27.NameUri">http://eidas.europa.eu/attributes/naturalperson/representative/PersonIdentifier</entry>
    <entry key="27.FriendlyName">RepresentativePersonIdentifier</entry>
    <entry key="27.PersonType">RepresentativeNaturalPerson</entry>
    <entry key="27.Required">true</entry>
    <entry key="27.UniqueIdentifier">true</entry>
    <entry key="27.XmlType.NamespaceUri">http://eidas.europa.eu/attributes/naturalperson/representative</entry>
    <entry key="27.XmlType.LocalPart">PersonIdentifierType</entry>
    <entry key="27.XmlType.NamespacePrefix">eidas-natural-representative</entry>
    <entry key="27.AttributeValueMarshaller">eu.eidas.auth.commons.attribute.impl.LiteralStringAttributeValueMarshaller</entry>

    <entry key="28.NameUri">http://eidas.europa.eu/attributes/naturalperson/representative/CurrentFamilyName</entry>
    <entry key="28.FriendlyName">RepresentativeFamilyName</entry>
    <entry key="28.PersonType">RepresentativeNaturalPerson</entry>
    <entry key="28.Required">true</entry>
    <entry key="28.TransliterationMandatory">true</entry>
    <entry key="28.XmlType.NamespaceUri">http://eidas.europa.eu/attributes/naturalperson/representative</entry>
    <entry key="28.XmlType.LocalPart">CurrentFamilyNameType</entry>
    <entry key="28.XmlType.NamespacePrefix">eidas-natural-representative</entry>
    <entry key="28.AttributeValueMarshaller">eu.eidas.auth.commons.attribute.impl.LiteralStringAttributeValueMarshaller</entry>

    <entry key="29.NameUri">http://eidas.europa.eu/attributes/naturalperson/representative/CurrentGivenName</entry>
    <entry key="29.FriendlyName">RepresentativeFirstName</entry>
    <entry key="29.PersonType">RepresentativeNaturalPerson</entry>
    <entry key="29.Required">true</entry>
    <entry key="29.TransliterationMandatory">true</entry>
    <entry key="29.XmlType.NamespaceUri">http://eidas.europa.eu/attributes/naturalperson/representative</entry>
    <entry key="29.XmlType.LocalPart">CurrentGivenNameType</entry>
    <entry key="29.XmlType.NamespacePrefix">eidas-natural-representative</entry>
    <entry key="29.AttributeValueMarshaller">eu.eidas.auth.commons.attribute.impl.LiteralStringAttributeValueMarshaller</entry>

    <entry key="30.NameUri">http://eidas.europa.eu/attributes/naturalperson/representative/DateOfBirth</entry>
    <entry key="30.FriendlyName">RepresentativeDateOfBirth</entry>
    <entry key="30.PersonType">RepresentativeNaturalPerson</entry>
    <entry key="30.Required">true</entry>
    <entry key="30.XmlType.NamespaceUri">http://eidas.europa.eu/attributes/naturalperson/representative</entry>
    <entry key="30.XmlType.LocalPart">DateOfBirthType</entry>
    <entry key="30.XmlType.NamespacePrefix">eidas-natural-representative</entry>
    <entry key="30.AttributeValueMarshaller">eu.eidas.auth.commons.attribute.impl.DateTimeAttributeValueMarshaller</entry>

    <entry key="31.NameUri">http://eidas.europa.eu/attributes/naturalperson/representative/BirthName</entry>
    <entry key="31.FriendlyName">RepresentativeBirthName</entry>
    <entry key="31.PersonType">RepresentativeNaturalPerson</entry>
    <entry key="31.Required">false</entry>
    <entry key="31.TransliterationMandatory">true</entry>
    <entry key="31.XmlType.NamespaceUri">http://eidas.europa.eu/attributes/naturalperson/representative</entry>
    <entry key="31.XmlType.LocalPart">BirthNameType</entry>
    <entry key="31.XmlType.NamespacePrefix">eidas-natural-representative</entry>
    <entry key="31.AttributeValueMarshaller">eu.eidas.auth.commons.attribute.impl.LiteralStringAttributeValueMarshaller</entry>

    <entry key="32.NameUri">http://eidas.europa.eu/attributes/naturalperson/representative/PlaceOfBirth</entry>
    <entry key="32.FriendlyName">RepresentativePlaceOfBirth</entry>
    <entry key="32.PersonType">RepresentativeNaturalPerson</entry>
    <entry key="32.Required">false</entry>
    <entry key="32.XmlType.NamespaceUri">http://eidas.europa.eu/attributes/naturalperson/representative</entry>
    <entry key="32.XmlType.LocalPart">PlaceOfBirthType</entry>
    <entry key="32.XmlType.NamespacePrefix">eidas-natural-representative</entry>
    <entry key="32.AttributeValueMarshaller">eu.eidas.auth.commons.attribute.impl.LiteralStringAttributeValueMarshaller</entry>

    <entry key="33.NameUri">http://eidas.europa.eu/attributes/naturalperson/representative/CurrentAddress</entry>
    <entry key="33.FriendlyName">RepresentativeCurrentAddress</entry>
    <entry key="33.PersonType">RepresentativeNaturalPerson</entry>
    <entry key="33.Required">false</entry>
    <entry key="33.XmlType.NamespaceUri">http://eidas.europa.eu/attributes/naturalperson/representative</entry>
    <entry key="33.XmlType.LocalPart">CurrentAddressType</entry>
    <entry key="33.XmlType.NamespacePrefix">eidas-natural-representative</entry>
    <entry key="33.AttributeValueMarshaller">eu.eidas.auth.commons.protocol.eidas.impl.RepvCurrentAddressAttributeValueMarshaller</entry>

    <entry key="34.NameUri">http://eidas.europa.eu/attributes/naturalperson/representative/Gender</entry>
    <entry key="34.FriendlyName">RepresentativeGender</entry>
    <entry key="34.PersonType">RepresentativeNaturalPerson</entry>
    <entry key="34.Required">false</entry>
    <entry key="34.XmlType.NamespaceUri">http://eidas.europa.eu/attributes/naturalperson/representative</entry>
    <entry key="34.XmlType.LocalPart">GenderType</entry>
    <entry key="34.XmlType.NamespacePrefix">eidas-natural-representative</entry>
    <entry key="34.AttributeValueMarshaller">eu.eidas.auth.commons.protocol.eidas.impl.GenderAttributeValueMarshaller</entry>

    <entry key="35.NameUri">http://eidas.europa.eu/attributes/naturalperson/representative/PhoneNumber</entry>
    <entry key="35.FriendlyName">RepresentativePhoneNumber</entry>
    <entry key="35.PersonType">RepresentativeNaturalPerson</entry>
    <entry key="35.Required">false</entry>
    <entry key="35.XmlType.NamespaceUri">http://eidas.europa.eu/attributes/naturalperson/representative</entry>
    <entry key="35.XmlType.LocalPart">PhoneNumberType</entry>
    <entry key="35.XmlType.NamespacePrefix">eidas-natural-representative</entry>
    <entry key="35.AttributeValueMarshaller">eu.eidas.auth.commons.attribute.impl.LiteralStringAttributeValueMarshaller</entry>

    <entry key="36.NameUri">http://eidas.europa.eu/attributes/naturalperson/representative/Nationality</entry>
    <entry key="36.FriendlyName">RepresentativeNationality</entry>
    <entry key="36.PersonType">RepresentativeNaturalPerson</entry>
    <entry key="36.Required">false</entry>
    <entry key="36.XmlType.NamespaceUri">http://eidas.europa.eu/attributes/naturalperson/representative</entry>
    <entry key="36.XmlType.LocalPart">NationalityType</entry>
    <entry key="36.XmlType.NamespacePrefix">eidas-natural-representative</entry>
    <entry key="36.AttributeValueMarshaller">eu.eidas.auth.commons.attribute.impl.CountryCodeAttributeValueMarshaller</entry>

    <entry key="37.NameUri">http://eidas.europa.eu/attributes/naturalperson/representative/CountryOfBirth</entry>
    <entry key="37.FriendlyName">RepresentativeCountryOfBirth</entry>
    <entry key="37.PersonType">RepresentativeNaturalPerson</entry>
    <entry key="37.Required">false</entry>
    <entry key="37.XmlType.NamespaceUri">http://eidas.europa.eu/attributes/naturalperson/representative</entry>
    <entry key="37.XmlType.LocalPart">CountryOfBirthType</entry>
    <entry key="37.XmlType.NamespacePrefix">eidas-natural-representative</entry>
    <entry key="37.AttributeValueMarshaller">eu.eidas.auth.commons.attribute.impl.CountryCodeAttributeValueMarshaller</entry>

    <entry key="38.NameUri">http://eidas.europa.eu/attributes/naturalperson/representative/TownOfBirth</entry>
    <entry key="38.FriendlyName">RepresentativeTownOfBirth</entry>
    <entry key="38.PersonType">RepresentativeNaturalPerson</entry>
    <entry key="38.Required">false</entry>
    <entry key="38.XmlType.NamespaceUri">http://eidas.europa.eu/attributes/naturalperson/representative</entry>
    <entry key="38.XmlType.LocalPart">TownOfBirthType</entry>
    <entry key="38.XmlType.NamespacePrefix">eidas-natural-representative</entry>
    <entry key="38.AttributeValueMarshaller">eu.eidas.auth.commons.attribute.impl.LiteralStringAttributeValueMarshaller</entry>

    <entry key="39.NameUri">http://eidas.europa.eu/attributes/naturalperson/representative/CountryOfResidence</entry>
    <entry key="39.FriendlyName">RepresentativeCountryOfResidence</entry>
    <entry key="39.PersonType">RepresentativeNaturalPerson</entry>
    <entry key="39.Required">false</entry>
    <entry key="39.XmlType.NamespaceUri">http://eidas.europa.eu/attributes/naturalperson/representative</entry>
    <entry key="39.XmlType.LocalPart">CountryOfResidenceType</entry>
    <entry key="39.XmlType.NamespacePrefix">eidas-natural-representative</entry>
    <entry key="39.AttributeValueMarshaller">eu.eidas.auth.commons.attribute.impl.CountryCodeAttributeValueMarshaller</entry>

    <entry key="40.NameUri">http://eidas.europa.eu/attributes/naturalperson/representative/EmailAddress</entry>
    <entry key="40.FriendlyName">RepresentativeEmailAddress</entry>
    <entry key="40.PersonType">RepresentativeNaturalPerson</entry>
    <entry key="40.Required">false</entry>
    <entry key="40.XmlType.NamespaceUri">http://eidas.europa.eu/attributes/naturalperson/representative</entry>
    <entry key="40.XmlType.LocalPart">EmailAddressType</entry>
    <entry key="40.XmlType.NamespacePrefix">eidas-natural-representative</entry>
    <entry key="40.AttributeValueMarshaller">eu.eidas.auth.commons.attribute.impl.LiteralStringAttributeValueMarshaller</entry>

    <entry key="41.NameUri">http://eidas.europa.eu/attributes/legalperson/representative/LegalPersonIdentifier</entry>
    <entry key="41.FriendlyName">RepresentativeLegalPersonIdentifier</entry>
    <entry key="41.PersonType">RepresentativeLegalPerson</entry>
    <entry key="41.Required">true</entry>
    <entry key="41.UniqueIdentifier">true</entry>
    <entry key="41.XmlType.NamespaceUri">http://eidas.europa.eu/attributes/legalperson/representative</entry>
    <entry key="41.XmlType.LocalPart">LegalPersonIdentifierType</entry>
    <entry key="41.XmlType.NamespacePrefix">eidas-legal-representative</entry>
    <entry key="41.AttributeValueMarshaller">eu.eidas.auth.commons.attribute.impl.LiteralStringAttributeValueMarshaller</entry>

    <entry key="42.NameUri">http://eidas.europa.eu/attributes/legalperson/representative/LegalName</entry>
    <entry key="42.FriendlyName">RepresentativeLegalName</entry>
    <entry key="42.PersonType">RepresentativeLegalPerson</entry>
    <entry key="42.Required">true</entry>
    <entry key="42.TransliterationMandatory">true</entry>
    <entry key="42.XmlType.NamespaceUri">http://eidas.europa.eu/attributes/legalperson/representative</entry>
    <entry key="42.XmlType.LocalPart">LegalNameType</entry>
    <entry key="42.XmlType.NamespacePrefix">eidas-legal-representative</entry>
    <entry key="42.AttributeValueMarshaller">eu.eidas.auth.commons.attribute.impl.LiteralStringAttributeValueMarshaller</entry>

    <entry key="43.NameUri">http://eidas.europa.eu/attributes/legalperson/representative/LegalPersonAddress</entry>
    <entry key="43.FriendlyName">RepresentativeLegalAddress</entry>
    <entry key="43.PersonType">RepresentativeLegalPerson</entry>
    <entry key="43.Required">false</entry>
    <entry key="43.XmlType.NamespaceUri">http://eidas.europa.eu/attributes/legalperson/representative</entry>
    <entry key="43.XmlType.LocalPart">LegalPersonAddressType</entry>
    <entry key="43.XmlType.NamespacePrefix">eidas-legal-representative</entry>
    <entry key="43.AttributeValueMarshaller">eu.eidas.auth.commons.protocol.eidas.impl.RepvLegalAddressAttributeValueMarshaller</entry>

    <entry key="44.NameUri">http://eidas.europa.eu/attributes/legalperson/representative/VATRegistrationNumber</entry>
    <entry key="44.FriendlyName">RepresentativeVATRegistration</entry>
    <entry key="44.PersonType">RepresentativeLegalPerson</entry>
    <entry key="44.Required">false</entry>
    <entry key="44.XmlType.NamespaceUri">http://eidas.europa.eu/attributes/legalperson/representative</entry>
    <entry key="44.XmlType.LocalPart">VATRegistrationNumberType</entry>
    <entry key="44.XmlType.NamespacePrefix">eidas-legal-representative</entry>
    <entry key="44.AttributeValueMarshaller">eu.eidas.auth.commons.attribute.impl.LiteralStringAttributeValueMarshaller</entry>

    <entry key="45.NameUri">http://eidas.europa.eu/attributes/legalperson/representative/TaxReference</entry>
    <entry key="45.FriendlyName">RepresentativeTaxReference</entry>
    <entry key="45.PersonType">RepresentativeLegalPerson</entry>
    <entry key="45.Required">false</entry>
    <entry key="45.XmlType.NamespaceUri">http://eidas.europa.eu/attributes/legalperson/representative</entry>
    <entry key="45.XmlType.LocalPart">TaxReferenceType</entry>
    <entry key="45.XmlType.NamespacePrefix">eidas-legal-representative</entry>
    <entry key="45.AttributeValueMarshaller">eu.eidas.auth.commons.attribute.impl.LiteralStringAttributeValueMarshaller</entry>

    <entry key="46.NameUri">http://eidas.europa.eu/attributes/legalperson/representative/D-2012-17-EUIdentifier</entry>
    <entry key="46.FriendlyName">RepresentativeD-2012-17-EUIdentifier</entry>
    <entry key="46.PersonType">RepresentativeLegalPerson</entry>
    <entry key="46.Required">false</entry>
    <entry key="46.XmlType.NamespaceUri">http://eidas.europa.eu/attributes/legalperson/representative</entry>
    <entry key="46.XmlType.LocalPart">D-2012-17-EUIdentifierType</entry>
    <entry key="46.XmlType.NamespacePrefix">eidas-legal-representative</entry>
    <entry key="46.AttributeValueMarshaller">eu.eidas.auth.commons.attribute.impl.LiteralStringAttributeValueMarshaller</entry>

    <entry key="47.NameUri">http://eidas.europa.eu/attributes/legalperson/representative/LEI</entry>
    <entry key="47.FriendlyName">RepresentativeLEI</entry>
    <entry key="47.PersonType">RepresentativeLegalPerson</entry>
    <entry key="47.Required">false</entry>
    <entry key="47.XmlType.NamespaceUri">http://eidas.europa.eu/attributes/legalperson/representative</entry>
    <entry key="47.XmlType.LocalPart">LEIType</entry>
    <entry key="47.XmlType.NamespacePrefix">eidas-legal-representative</entry>
    <entry key="47.AttributeValueMarshaller">eu.eidas.auth.commons.attribute.impl.LiteralStringAttributeValueMarshaller</entry>

    <entry key="48.NameUri">http://eidas.europa.eu/attributes/legalperson/representative/EORI</entry>
    <entry key="48.FriendlyName">RepresentativeEORI</entry>
    <entry key="48.PersonType">RepresentativeLegalPerson</entry>
    <entry key="48.Required">false</entry>
    <entry key="48.XmlType.NamespaceUri">http://eidas.europa.eu/attributes/legalperson/representative</entry>
    <entry key="48.XmlType.LocalPart">EORIType</entry>
    <entry key="48.XmlType.NamespacePrefix">eidas-legal-representative</entry>
    <entry key="48.AttributeValueMarshaller">eu.eidas.auth.commons.attribute.impl.LiteralStringAttributeValueMarshaller</entry>

    <entry key="49.NameUri">http://eidas.europa.eu/attributes/legalperson/representative/SEED</entry>
    <entry key="49.FriendlyName">RepresentativeSEED</entry>
    <entry key="49.PersonType">RepresentativeLegalPerson</entry>
    <entry key="49.Required">false</entry>
    <entry key="49.XmlType.NamespaceUri">http://eidas.europa.eu/attributes/legalperson/representative</entry>
    <entry key="49.XmlType.LocalPart">SEEDType</entry>
    <entry key="49.XmlType.NamespacePrefix">eidas-legal-representative</entry>
    <entry key="49.AttributeValueMarshaller">eu.eidas.auth.commons.attribute.impl.LiteralStringAttributeValueMarshaller</entry>

    <entry key="50.NameUri">http://eidas.europa.eu/attributes/legalperson/representative/SIC</entry>
    <entry key="50.FriendlyName">RepresentativeSIC</entry>
    <entry key="50.PersonType">RepresentativeLegalPerson</entry>
    <entry key="50.Required">false</entry>
    <entry key="50.XmlType.NamespaceUri">http://eidas.europa.eu/attributes/legalperson/representative</entry>
    <entry key="50.XmlType.LocalPart">SICType</entry>
    <entry key="50.XmlType.NamespacePrefix">eidas-legal-representative</entry>
    <entry key="50.AttributeValueMarshaller">eu.eidas.auth.commons.attribute.impl.LiteralStringAttributeValueMarshaller</entry>

    <entry key="51.NameUri">http://eidas.europa.eu/attributes/legalperson/representative/LegalPhoneNumber</entry>
    <entry key="51.FriendlyName">RepresentativeLegalPhoneNumber</entry>
    <entry key="51.PersonType">RepresentativeLegalPerson</entry>
    <entry key="51.Required">false</entry>
    <entry key="51.XmlType.NamespaceUri">http://eidas.europa.eu/attributes/legalperson/representative</entry>
    <entry key="51.XmlType.LocalPart">LegalPhoneNumberType</entry>
    <entry key="51.XmlType.NamespacePrefix">eidas-legal-representative</entry>
    <entry key="51.AttributeValueMarshaller">eu.eidas.auth.commons.attribute.impl.LiteralStringAttributeValueMarshaller</entry>

    <entry key="52.NameUri">http://eidas.europa.eu/attributes/legalperson/representative/LegalEmailAddress</entry>
    <entry key="52.FriendlyName">RepresentativeLegalEmailAddress</entry>
    <entry key="52.PersonType">RepresentativeLegalPerson</entry>
    <entry key="52.Required">false</entry>
    <entry key="52.XmlType.NamespaceUri">http://eidas.europa.eu/attributes/legalperson/representative</entry>
    <entry key="52.XmlType.LocalPart">LegalEmailAddressType</entry>
    <entry key="52.XmlType.NamespacePrefix">eidas-legal-representative</entry>
    <entry key="52.AttributeValueMarshaller">eu.eidas.auth.commons.attribute.impl.LiteralStringAttributeValueMarshaller</entry>
</properties>
